17312040017680,"ABSOLUT VODKA ORIGINAL",alcohol,vodka ,vodka,"spirits & liqueurs"
17312040040701,"ABSOLUT VODKA RASPBERRY",alcohol,vodka ,vodka,"spirits & liqueurs"
26412709021770,"FINLANDIA VODKA ",alcohol,vodka ,"fortified wine",wine
5410316296564,"SMIRNOFF VODKA RED LABEL",alcohol,vodka ,vodka,"spirits & liqueurs"
5010677851008,"GREY GOOSE VODKA",alcohol,vodka ,vodka,"spirits & liqueurs"
5051175738194,"AU VODKA BLUE RASPBERRRY ",alcohol,vodka ,vodka,"spirits & liqueurs"
5051175738613,"AU VODKA RED CHERRY ",alcohol,vodka ,vodka,"spirits & liqueurs"
5051175738170,"AU VODKA FRUIT PUNCH ",alcohol,vodka ,"ready to drink","beer, cider & alcoholic rtds"
5010103916745,"CIROC VODKA PREMIUM BOTTLES",alcohol,vodka ,vodka,"spirits & liqueurs"
5010677805872,"ERISTOFF BLACK VODKA ",alcohol,vodka ,vodka,"spirits & liqueurs"
5010677805704,"ERISTOFF VODKA ORIGINAL ",alcohol,vodka ,vodka,"spirits & liqueurs"
3800204430118,"RUSSIAN EMPIRE VODKA",alcohol,vodka ,vodka,"spirits & liqueurs"
7312040060702,"ABSOLUT VANILLA VODKA ",alcohol,vodka ,"prosecco, champagne & sparkling wine",wine
5016840801214,"GLENS VODKA",alcohol,vodka ,vodka,"spirits & liqueurs"
17312040090706,"ABSOLUT CITRON VODKA BOTTLES",alcohol,vodka ,vodka,"spirits & liqueurs"
5410316996471,"SMIRNOFF BLUE LABEL",alcohol,vodka ,vodka,"spirits & liqueurs"
8000040007009,"SKYY PREMIUM ",alcohol,vodka ,vodka,"spirits & liqueurs"
8000040807005,"SKYY INFUSION CITRUS",alcohol,vodka ,vodka,"spirits & liqueurs"
18000040807057,"SKYY INFUSION PASSION FRUIT",alcohol,vodka ,vodka,"spirits & liqueurs"
5410316661560,"SMIRNOFF BLACK LABEL ",alcohol,vodka ,vodka,"spirits & liqueurs"
5010196986649,"VLADIVAR VODKA BOTTLES",alcohol,vodka ,vodka,"spirits & liqueurs"
15901041003000,"BELVEDERE POLISH PURE VODKA 40%",alcohol,vodka ,vodka,"spirits & liqueurs"
7312040020706,"ABSOLUT KURANT VODKA BOTTLES",alcohol,vodka ,vodka,"spirits & liqueurs"
30627040114132,"CRYSTAL HEAD PURE VODKA 40%",alcohol,vodka ,vodka,"spirits & liqueurs"
4004726201815,"GRASOVKA BISON BRAND POLISH VODKA 4",alcohol,vodka ,vodka,"spirits & liqueurs"
14620006994573,"GREEN MARK VODKA",alcohol,vodka ,vodka,"spirits & liqueurs"
281019123,"KRUPNIK HONEY VODKA LIQUEUR",alcohol,vodka ,"shots, liqueurs & cocktails","spirits & liqueurs"
17312040017031,"ABSOLUTE VODKA LITRE",alcohol,vodka ,vodka,"spirits & liqueurs"
18000040807033,"SKYY INFUSION RASPBERRY",alcohol,vodka ,vodka,"spirits & liqueurs"
4603400001019,"RUSSIAN STANDARD VODKA",alcohol,vodka ,vodka,"spirits & liqueurs"
5410316903769,"SMIRNOFF VODKA BLUE LABEL BOTTLES",alcohol,vodka ,vodka,"spirits & liqueurs"
5410316301862,"SMIRNOFF VODKA RED LABEL LITRES",alcohol,vodka ,vodka,"spirits & liqueurs"
5410316044257,"SMIRNOFF VODKA RED LABEL MAGNUM",alcohol,vodka ,vodka,"spirits & liqueurs"
25900343003517,"ZUBROWKA BISON GRASS VODKA",alcohol,vodka ,vodka,"spirits & liqueurs"
5000329004579,"BEEFEATER LONDON DRY GIN ",alcohol,gin,gin,"spirits & liqueurs"
5010677714105,"BOMBAY SPPHIRE DRY GIN ",alcohol,gin,gin,"spirits & liqueurs"
5000289110648,"GORDONS LONDON DRY GIN ",alcohol,gin,gin,"spirits & liqueurs"
5032538060749,"PLYMOUTH DRY GIN",alcohol,gin,gin,"spirits & liqueurs"
5010375601660,"MINISTER LONDON GIN",alcohol,gin,gin,"spirits & liqueurs"
5000281015279,"TANQUERAY GIN",alcohol,gin,gin,"spirits & liqueurs"
5010327755502,"HENDRICKS GIN ",alcohol,gin,gin,"spirits & liqueurs"
5011166029083,"WHITLEY NEIL GIN ",alcohol,gin,gin,"spirits & liqueurs"
8716000108005,"GENEVER BOLS GIN ",alcohol,gin,"fortified wine",wine
5000289929417,"GORDONS PINK GIN ",alcohol,gin,gin,"spirits & liqueurs"
5011166038597,"WHITLEY NEIL RASPBERRY GIN ",alcohol,gin,"prosecco, champagne & sparkling wine",wine
5016878600155,"ADNAMS COPPERHOUSE GIN",alcohol,gin,"brandy & cognac","spirits & liqueurs"
42213277,"MONKEY 47 GIN SCHWARZWALD DRY",alcohol,gin,"halves, quarters, miniatures","spirits & liqueurs"
112721,"GIN LIQUEUR CHERRY BAKEWELL IMAGINA",alcohol,gin,"shots, liqueurs & cocktails","spirits & liqueurs"
5010494908268,"BULLDOG GIN BOTTLES 40% 80pf",alcohol,gin,gin,"spirits & liqueurs"
5010677013628,"BACARDI RON WHITE ",alcohol,rum ,rum,"spirits & liqueurs"
28501110080433,"HAVANA CLUB ",alcohol,rum ,rum,"spirits & liqueurs"
87000901032,"CAPTAIN MORGANS RUM DARK BOTTLE ",alcohol,rum ,rum,"spirits & liqueurs"
5024576000030,"APPLETON WHITE",alcohol,rum ,rum,"spirits & liqueurs"
5010284017217,"LAMBS NAVY ",alcohol,rum ,"shots, liqueurs & cocktails","spirits & liqueurs"
5000299223000,"CAPTAIN MORGANS SPICED GOLD",alcohol,rum ,rum,"spirits & liqueurs"
28501110080921,"HAVANA ESPECIAL GOLD",alcohol,rum ,rum,"spirits & liqueurs"
5024576000115,"APPLETON SPECIAL GOLD ",alcohol,rum ,rum,"spirits & liqueurs"
9501007100515,"MOUNT GAY ",alcohol,rum ,"shots, liqueurs & cocktails","spirits & liqueurs"
5010284151027,MALIBU ,alcohol,rum ,"fortified wine",wine
5011166035121,"ADMIRAL BENBOW RUM WHITE",alcohol,rum ,rum,"spirits & liqueurs"
5010677160223,"BACARDI CARTA FUEGO RED",alcohol,rum ,"shots, liqueurs & cocktails","spirits & liqueurs"
5010677012539,"BACARDI CARTA NEGRA BLACK",alcohol,rum ,rum,"spirits & liqueurs"
5010677740135,"BACARDI OAKHEART SMOOTH SPICED",alcohol,rum ,"shots, liqueurs & cocktails","spirits & liqueurs"
5010677024204,"BACARDI RON ORO GOLDEN RUM BOTTLE",alcohol,rum ,rum,"spirits & liqueurs"
5011166030409,"BOOTLEGGER WHITE GRAIN SPIRIT",alcohol,rum ,"shots, liqueurs & cocktails","spirits & liqueurs"
5033931604936,"COCKSPUR RUM FINE GOLD 5*",alcohol,rum ,rum,"spirits & liqueurs"
5021932018906,"COCO CARIBA CARIBBEAN RUM DRINK",alcohol,rum ,"ready to drink","beer, cider & alcoholic rtds"
5099873119082,"JACK DANIELS SOUR MASH ",alcohol,whiskey,whisky,"spirits & liqueurs"
5011007003050,JAMESON ,alcohol,whiskey,whisky,"spirits & liqueurs"
5010196991209,"JIM BEAM WHITE",alcohol,whiskey,whisky,"spirits & liqueurs"
5010196091534,"JIM BEAN BLACK",alcohol,whiskey,whisky,"spirits & liqueurs"
3013011256387,"PADDY IRISH ",alcohol,whiskey,whisky,"spirits & liqueurs"
5000281019123,BULLEIT ,alcohol,whiskey,whisky,"spirits & liqueurs"
5099873108628,"WOODFORD RESERVE ",alcohol,whiskey,whisky,"spirits & liqueurs"
5010496080818,"BOWMORE 12 YEAR OLD",alcohol,whiskey,whisky,"spirits & liqueurs"
85246342978,"MAKERS MARK ",alcohol,whiskey,whisky,"spirits & liqueurs"
8001110890040,DISARONNO ,alcohol,whiskey,whisky,"spirits & liqueurs"
5010494195637,"ARDBEG MALT WHISKY 10 Y\\O",alcohol,whiskey,whisky,"spirits & liqueurs"
5010327525105,"BALVENIE [12\\YO] MALT DOUBLEWOOD",alcohol,whiskey,whisky,"spirits & liqueurs"
5020713510165,"BANOCH BRAE WHISKY MAGNUM",alcohol,whiskey,whisky,"spirits & liqueurs"
5000387904538,"BELLS EXTRA SPECIAL WHISKY BOTTLE",alcohol,whiskey,whisky,"spirits & liqueurs"
5000387905511,"BELLS EXTRA SPECIAL WHISKY LITRE",alcohol,whiskey,whisky,"spirits & liqueurs"
5029704613328,"BLACK BOTTLE BLENDED ISLAY WHISKY",alcohol,whiskey,whisky,"spirits & liqueurs"
5021932016513,"BLACK STAR SMOKEY BOURBON SOUR MASH",alcohol,whiskey,whisky,"spirits & liqueurs"
5029704613366,"BUNNAHABHAIN WHISKY 12YO ISLAY BLND",alcohol,whiskey,whisky,"spirits & liqueurs"
5010103917292,"BUSHMILLS BLACK BUSH IRISH BLENDED",alcohol,whiskey,whisky,"spirits & liqueurs"
80686816072,"CANADIAN CLUB WHISKY BOTTLES",alcohol,whiskey,whisky,"spirits & liqueurs"
5000267102580,"CARDHU MALT WHISKY 12 Y\\O 40 % BOTT",alcohol,whiskey,whisky,"spirits & liqueurs"
5000299212943,"CHIVAS REGAL 12 Y\\O DELUXE WHISKY",alcohol,whiskey,whisky,"spirits & liqueurs"
5000281005508,"CRAGGANMORE MALT WHISKY 12 Y\\O 40%",alcohol,whiskey,whisky,"spirits & liqueurs"
5000277000906,"DEWARS SCOTCH WHISKY BOTTLE",alcohol,whiskey,whisky,"spirits & liqueurs"
5000281003337,"DIMPLE SCOTCH 15yo WHISKY BLENDED",alcohol,whiskey,whisky,"spirits & liqueurs"
5010391201356,"DRAMBUIE LIQUEUR WHISKY BOTTLE",alcohol,whiskey,whisky,"spirits & liqueurs"
7048359008578,"FIREBALL LIQUEUR BLENDED CINNAMON",alcohol,whiskey,"shots, liqueurs & cocktails","spirits & liqueurs"
46679147,"GENTLEMAN JACK DANIELS",alcohol,whiskey,whisky,"spirits & liqueurs"
5011311839185,"GLAYVA LIQUEUR WHISKY",alcohol,whiskey,"shots, liqueurs & cocktails","spirits & liqueurs"
5010327024004,"GLENFIDDICH CAORAN RESERVE MALT WHI",alcohol,whiskey,whisky,"spirits & liqueurs"
5010327303109,"GLENFIDDICH MALT WHISKY MAGNUM",alcohol,whiskey,whisky,"spirits & liqueurs"
5010327325033,"GLENFIDDICH SPECIAL RESERVE MALT WH",alcohol,whiskey,whisky,"spirits & liqueurs"
87000900820,"GLENLIVET THE 12 Y\\O SINGLE MALT",alcohol,whiskey,whisky,"spirits & liqueurs"
5010494564273,"GLENMORANGIE SINGLE MALT 18 YEAR OL",alcohol,whiskey,whisky,"spirits & liqueurs"
5010494490831,"GLENMORANGIE SINGLE MALT ORIGINAL",alcohol,whiskey,whisky,"spirits & liqueurs"
5010327205588,"GRANTS SCOTCH PMP WHISKY FAMILY RSV",alcohol,whiskey,whisky,"spirits & liqueurs"
101395,"ROYAL GREENWICH WHISKY BOTTLE",alcohol,whiskey,whisky,"spirits & liqueurs"
5010314070304,"GROUSE BLACK SCOTCH WHISKY",alcohol,whiskey,whisky,"spirits & liqueurs"
5010314447090,"GROUSE GOLDEN RESERVE SCOTCH 12 Y\\O",alcohol,whiskey,whisky,"spirits & liqueurs"
5010314205195,"GROUSE THE FAMOUS SCOTCH ",alcohol,whiskey,whisky,"spirits & liqueurs"
5010314045098,"GROUSE THE FAMOUS SCOTCH WHISKY MAG",alcohol,whiskey,whisky,"spirits & liqueurs"
111333,"HIBIKI 12yo SUNTORY WHISKY 43%",alcohol,whiskey,whisky,"spirits & liqueurs"
111336,"HIBIKI 17yo SUNTORY WHISKY 43%",alcohol,whiskey,whisky,"spirits & liqueurs"
5016840800224,"HIGH COMMISSIONER WHISKY BOTTLE",alcohol,whiskey,whisky,"spirits & liqueurs"
5016840800811,"HIGH COMMISSIONER WHISKY MAGNUM",alcohol,whiskey,whisky,"spirits & liqueurs"
5010314570101,"HIGHLAND PARK 12yo MALT WHISKY",alcohol,whiskey,whisky,"spirits & liqueurs"
5011019100037,"IRISH MIST HONEY LIQUEUR 35% 70pf",alcohol,whiskey,"shots, liqueurs & cocktails","spirits & liqueurs"
5010103800259,"J & B RARE SCOTCH WHISKY BOTTLES",alcohol,whiskey,whisky,"spirits & liqueurs"
46038838,"JACK DANIELS SINGLE BARREL",alcohol,whiskey,whisky,"spirits & liqueurs"
5099873189610,"JACK DANIELS SOUR MASH WHISKEY MAGN",alcohol,whiskey,whisky,"spirits & liqueurs"
15099873106508,"JACK DANIELS TENNESSEE FIRE",alcohol,whiskey,whisky,"spirits & liqueurs"
5290011000655,"KEO VSOP",alcohol,brandy ,"brandy & cognac","spirits & liqueurs"
25202795120058,"METAXA 5 STAR CLASSIC",alcohol,brandy ,"fortified wine",wine
85000003763,"E&J GALLO",alcohol,brandy ,"brandy & cognac","spirits & liqueurs"
15607207912017,"BRANDYMEL HONEY & BRANDY",alcohol,brandy ,"fortified wine",wine
8410023100014,SOBERANO ,alcohol,brandy ,"brandy & cognac","spirits & liqueurs"
8004400003113,STRAVECCHIO,alcohol,brandy ,"brandy & cognac","spirits & liqueurs"
3219820006186,"MARTELL XO ",alcohol,brandy ,"brandy & cognac","spirits & liqueurs"
3800031803123,NAPOLEON ,alcohol,brandy ,"brandy & cognac","spirits & liqueurs"
5010327405551,"THREE BARRELS ",alcohol,brandy ,"brandy & cognac","spirits & liqueurs"
15290011000669,"FIVE KINGS ",alcohol,brandy ,"brandy & cognac","spirits & liqueurs"
35604422145200,MACIEIRA ,alcohol,brandy ,"brandy & cognac","spirits & liqueurs"
5010055040116,"BUDWEISER AMERICAN",alcohol,"beer, ales & largers","bitters & ales","beer, cider & alcoholic rtds"
5000177483915,"GINGER BEER ",alcohol,"beer, ales & largers","bitters & ales","beer, cider & alcoholic rtds"
5010038100301,"COBRA BEER",alcohol,"beer, ales & largers","bitters & ales","beer, cider & alcoholic rtds"
5290011000624,"KEO BEER ",alcohol,"beer, ales & largers","bitters & ales","beer, cider & alcoholic rtds"
15601146003010,SAGRES ,alcohol,"beer, ales & largers","bitters & ales","beer, cider & alcoholic rtds"
5016325771667,"SAN MIGUEL",alcohol,"beer, ales & largers","bitters & ales","beer, cider & alcoholic rtds"
5014379013023,STELLA ,alcohol,"beer, ales & largers","bitters & ales","beer, cider & alcoholic rtds"
3155930400530,DESPERADO ,alcohol,"beer, ales & largers","bitters & ales","beer, cider & alcoholic rtds"
5601164114203,SUPERBOCK,alcohol,"beer, ales & largers","bitters & ales","beer, cider & alcoholic rtds"
5000264012028,CORONA ,alcohol,"beer, ales & largers",beer,"beer, cider & alcoholic rtds"
8008440122001,PERONI ,alcohol,"beer, ales & largers","bitters & ales","beer, cider & alcoholic rtds"
5035766185093,FOSTERS ,alcohol,"beer, ales & largers",beer,"beer, cider & alcoholic rtds"
5035766064268,HEINEKEN ,alcohol,"beer, ales & largers","bitters & ales","beer, cider & alcoholic rtds"
4100130037900,"BECKS BIER NRB",alcohol,"beer, ales & largers","bitters & ales","beer, cider & alcoholic rtds"
5016325607041,"CARLSBERG LAGER ",alcohol,"beer, ales & largers",beer,"beer, cider & alcoholic rtds"
7393714515971,"KOPPARBERG MIXED FRUITS ",alcohol,cider ,cider,"beer, cider & alcoholic rtds"
5035766040552,"BULMERS ORIGINAL ",alcohol,cider ,cider,"beer, cider & alcoholic rtds"
5035766041979,"STRONGBOW DRY ",alcohol,cider ,cider,"beer, cider & alcoholic rtds"
5035766050186,"STRONGBOW DRARK FRUITS ",alcohol,cider ,cider,"beer, cider & alcoholic rtds"
5011026101201,"MAGNERS ORIGNAL ",alcohol,cider ,cider,"beer, cider & alcoholic rtds"
7393714515520,"KOPPARBERG STRAWBERRY & LIME ",alcohol,cider ,cider,"beer, cider & alcoholic rtds"
7393714516176,"KOPPARBERG PEAR ",alcohol,cider ,cider,"beer, cider & alcoholic rtds"
5391516871518,"MAGNERS PEAR ",alcohol,cider ,cider,"beer, cider & alcoholic rtds"
10721733000736,"PATRON SILVER TEQUILA",alcohol,"sambuca & tequila","shots, liqueurs & cocktails","spirits & liqueurs"
8004747005535,"SAMBUCA ANTICA CLASSIC 38%",alcohol,"sambuca & tequila","shots, liqueurs & cocktails","spirits & liqueurs"
17501035042060,"TEQUILA JOSE CLASSICO SILVER BOTTLE",alcohol,"sambuca & tequila","shots, liqueurs & cocktails","spirits & liqueurs"
17501035042138,"TEQUILA JOSE CUERVO GOLD BOTTLE",alcohol,"sambuca & tequila","shots, liqueurs & cocktails","spirits & liqueurs"
85592119552,"TEQUILA ROSE LIQUEUR",alcohol,"sambuca & tequila","shots, liqueurs & cocktails","spirits & liqueurs"
5020713561068,"BEAUJOLAIS VILLAGES A.C. BOTTLES",alcohol,"french wine ","fresh sausages","meat, fish & poultry"
5060260550276,"CABERNET SAUVIGNON ALAIN MECON FRAN",alcohol,"french wine ","red wine",wine
3263286324216,"CABERNET SYRAH FRENCH RED WINE",alcohol,"french wine ","red wine",wine
3179072419427,"CELLIER DES DAUPHIN COTES DU RHONE",alcohol,"french wine ","fortified wine",wine
3260980626417,"CHABLIS WINE A.C. BOTTLES",alcohol,"french wine ","red wine",wine
13271360019894,"CHABLIS WINE PREMIER CRU BOTTLES",alcohol,"french wine ","fortified wine",wine
5060260550313,"CHARDONNAY ALAIN MECON FRENCH",alcohol,"french wine ","red wine",wine
13296181021017,"CHATEAUNEUF DU PAPE AC BOTTLE",alcohol,"french wine ","fortified wine",wine
13391181011232,"CHATEAUNEUF DU PAPE BERNADINE",alcohol,"french wine ","fortified wine",wine
5020713561143,"CLARET BORDEAUX ROUGE RED WINE BOTT",alcohol,"french wine ","wine boxes",wine
3262152001077,"MOUTON CADET BLANC WHITE WINE BOTTL",alcohol,"french wine ","single serve wine",wine
3262151001078,"MOUTON CADET ROUGR RED WINE BOTTL",alcohol,"french wine ","red wine",wine
87000301368,"PINOT GRIS ALSACE WINE BOTTLES TRIM",alcohol,"french wine ","red wine",wine
3262151081759,"PINOT NOIR ROTHSCHILD RED VARIETAL",alcohol,"french wine ","impulse cakes","bread & cakes"
108087,"CHIANTI ROSSO D.O.C.G BOTTLES",alcohol,"italian wine","red wine",wine
8008863027136,"CHIANTI ROSSO SENTINA  ",alcohol,"italian wine","red wine",wine
102051,"FRASCATI SUPERIORE COLLEPAPA",alcohol,"italian wine","red wine",wine
8018075240742,"MERLOT ITALIAN VINO SENTINA RED",alcohol,"italian wine","fizzy drinks","soft drinks"
8008235100313,"MONTEPULCIANO D'ABRUZZO RED WINE",alcohol,"italian wine","red wine",wine
8005890070241,"MONTEPULCIANO D'ABRUZZO RED WINE",alcohol,"italian wine","red wine",wine
8018075240773,"PINOT GRIGIO PINK ROSE ITALIAN",alcohol,"italian wine","rosé wine",wine
5060260552201,"PINOT GRIGIO WHITE SENTINA",alcohol,"italian wine","white wine",wine
104737,"SOAVE VINO D.O.C. BIANCO MAGNUM",alcohol,"italian wine","prosecco, champagne & sparkling wine",wine
8018075240919,"SOAVE VINO SENTINA BIANCO WHITE",alcohol,"italian wine","prosecco, champagne & sparkling wine",wine
8008738001797,"TREBBIANO DRY WHITE ITALIAN WINE",alcohol,"italian wine","white wine",wine
8005890007094,"TREBBIANO ITALIAN WHITE WINE",alcohol,"italian wine","white wine",wine
8006498042128,"VALPOLICELLA VINO D.O.C. ROSSO MAGN",alcohol,"italian wine","red wine",wine
8005890007001,"VALPOLICELLA VINO SENTINA ROSSO RED",alcohol,"italian wine","rosé wine",wine
8410441221001,"FAUSTINO RIOJA ROSE V",alcohol,"spanish wine","rosé wine",wine
8410441237002,"FAUSTINO RIOJA VII WHITE SIN CRIANZ",alcohol,"spanish wine","fresh fruit",greengrocery
8410406811001,"MARQUES DE CACERES BLANCO WHITE",alcohol,"spanish wine","white wine",wine
8410406111040,"MARQUES DE CACERES RIOJA GRAN RISER",alcohol,"spanish wine","red wine",wine
8410406211054,"MARQUES DE CACERES RIOJA RISERVA TI",alcohol,"spanish wine","rosé wine",wine
8410406311006,"MARQUES DE CACERES RIOJA TINTO RED",alcohol,"spanish wine","red wine",wine
8410406611007,"MARQUES DE CACERES ROSADO ROSE",alcohol,"spanish wine","rosé wine",wine
15601110003183,"ADEGA DA VILA RED BOTTLES",alcohol,"portuguese wine ","fortified wine",wine
15601110003190,"ADEGA DA VILA WHITE BOTTLES",alcohol,"portuguese wine ","fortified wine",wine
55601012004484,"ALENTEJANO RED WINE SALPICO",alcohol,"portuguese wine ","fortified wine",wine
5601012004502,"ALENTEJANO WHITE WINE SALPICO",alcohol,"portuguese wine ","white wine",wine
5601096350014,"CASAL GARCIA RED WINE BOTTLES",alcohol,"portuguese wine ","wine boxes",wine
5601096320017,"CASAL GARCIA ROSE WINE BOTTLES",alcohol,"portuguese wine ","rosé wine",wine
5601096200630,"CASAL GARCIA WHITE WINE BOTTLES",alcohol,"portuguese wine ","fortified wine",wine
55601078005012,"DAO RED WINE GRAO VASCO TINTO",alcohol,"portuguese wine ","fortified wine",wine
55601078005029,"DAO WHITE GRAO VASCO PORTUGAL",alcohol,"portuguese wine ","fortified wine",wine
55601007001337,"DOURO RED ESTEVA CASA FERREIRINHA",alcohol,"portuguese wine ","fortified wine",wine
5601971220784,"ENCOSTAS DO BAIRRO RED BAG IN BOX",alcohol,"portuguese wine ","wine boxes",wine
5601971220883,"ENCOSTAS DO BAIRRO WHITE BAG IN BOX",alcohol,"portuguese wine ","wine boxes",wine
55601012011505,"MATEUS ROSE WINE BOTTLES",alcohol,"portuguese wine ","rosé wine",wine
5601012011203,"MATEUS ROSE WINE SMALL BOTTLES",alcohol,"portuguese wine ","rosé wine",wine
5020713550055,"PIESPORTER MICHELSBERG WINE BOTTLES",alcohol,"german wine ","rosé wine",wine
5201021649727,"ALEXANDER RED DRY GREEK WINE BOTTLE",alcohol,"greek & cypriot wine ","red wine",wine
5201021647723,"ALEXANDER WHITE DRY GREEK WINE BOTT",alcohol,"greek & cypriot wine ","frozen fish","frozen food"
15290011000331,"APHRODITE DRY CYPRIOT WHITE WINE BO",alcohol,"greek & cypriot wine ","wine boxes",wine
5290011003366,"COMMANDERIA ST GEORGE DESSERT WINE",alcohol,"greek & cypriot wine ","fortified wine",wine
15290011003691,"COMMANDERIE ST JOHN DESSERT WINE",alcohol,"greek & cypriot wine ","fortified wine",wine
5201006000307,"KOURTAKI DRY WHITE WINE",alcohol,"greek & cypriot wine ","fresh vegetables",greengrocery
5201006001168,"KOURTAKI RED DRY WINE",alcohol,"greek & cypriot wine ","red wine",wine
15290011000263,"OTHELLO CELLAR RED WINE BOTTLES",alcohol,"greek & cypriot wine ","wine boxes",wine
15290011000256,"OTHELLO KEO RED WINE BOTTLE",alcohol,"greek & cypriot wine ","red wine",wine
5201006000161,"RETSINA KOURTAKI BOTTLES",alcohol,"greek & cypriot wine ","fortified wine",wine
5290011003175,"SAINT PANTELEIMON SWEET RED WINE",alcohol,"greek & cypriot wine ","fortified wine",wine
15290011000348,"SAINT PANTELEIMON SWEET WHITE WINE",alcohol,"greek & cypriot wine ","fortified wine",wine
15290011000355,"THISBE MEDIUM WINE KEO BOTTLES",alcohol,"greek & cypriot wine ","wine boxes",wine
85000005002,"CABERNET SAUVIGNON CALIFORNIAN RED",alcohol,"californian wine ","red wine",wine
4044551002775,"CHARDONNAY CALIFORNIAN HILMAR SPRIN",alcohol,"californian wine ","prosecco, champagne & sparkling wine",wine
5010103910767,"MERLOT BLOSSOM HILL USA",alcohol,"californian wine ","red wine",wine
4044551002782,"ZINFANDEL CALIFORNIAN BLUSH PACIFIC",alcohol,"californian wine ","red wine",wine
5410316909976,"ZINFANDEL WHITE JACK RABBIT",alcohol,"californian wine ","white wine",wine
4044551014198,"SHIRAZ CABERNET SAUVIGNON AUSSIE AH",alcohol,"australian & nz wine ","red wine",wine
29300727406532,"JACOB'S CREEK CHARDONNAY",alcohol,"australian & nz wine ","red wine",wine
29300727453604,"JACOB'S CREEK RED SHIRAZ CABERNET S",alcohol,"australian & nz wine ","red wine",wine
29300727389279,"JACOB'S CREEK WHITE DRY RIESLING",alcohol,"australian & nz wine ","red wine",wine
19416744195373,"SAUVIGNON BLANC CROSSINGS MALBOROUG",alcohol,"australian & nz wine ","wine boxes",wine
4008005900338,"CABERNET SAUVIGNON CHILLEAN LOS PAS",alcohol,"south american wine ","red wine",wine
4044551004533,"CHARDONNAY CHILLEAN LOS PASTOS",alcohol,"south american wine ","red wine",wine
5020713720243,"MERLOT CHILEAN LOS PASTOS MONTANAS",alcohol,"south american wine ","red wine",wine
5020713560986,"MERLOT ROSE CHILEAN LAS MONTANAS",alcohol,"south american wine ","rosé wine",wine
29300727008644,"SAUVIGNON BLANC ARGENTINA PARA DOS",alcohol,"south american wine ","prosecco, champagne & sparkling wine",wine
4008005900277,"SAUVIGNON BLANC CHILEAN LOS PASTOS",alcohol,"south american wine ","white wine",wine
5010103910750,"SAUVIGNON BLANC JACK RABBIT",alcohol,"south american wine ","white wine",wine
27804338000032,"SAUVIGNON BLANC LOS BOLDOS WHITE",alcohol,"south american wine ","white wine",wine
4044551034097,"CABERNET SAUVIGNON RED CAPE312",alcohol,"south african wine","red wine",wine
16001660000905,"CHARDONNAY RESERVE BOSCHENDAL SOUTH",alcohol,"south african wine","red wine",wine
103164,"MERLOT KWV SOUTH AFRICAN WINE",alcohol,"south african wine","fortified wine",wine
4044551004342,"PINOTAGE RED SOUTH AFRICAN",alcohol,"south african wine","single serve wine",wine
4044551034073,"SAUVIGNON BLANC WHITE CAPE",alcohol,"south african wine","white wine",wine
8000570028338,"ASTI SPUMANTE MARTINI WINE BOTTLES",alcohol,"champagne & sparkling wine ","prosecco, champagne & sparkling wine",wine
3113841001000,"AYALA BRUT NON VINTAGE CHAMPAGNE BO",alcohol,"champagne & sparkling wine ","prosecco, champagne & sparkling wine",wine
3113841003004,"AYALA BRUT VINTAGE 2007 STANDARD",alcohol,"champagne & sparkling wine ","prosecco, champagne & sparkling wine",wine
3052853075923,"BOLLINGER NON VINTAGE CHAMPAGNE BOT",alcohol,"champagne & sparkling wine ","prosecco, champagne & sparkling wine",wine
8410023024891,"CAVA BRUT SPARKLING WINE",alcohol,"champagne & sparkling wine ","prosecco, champagne & sparkling wine",wine
3185370626511,"DOM PERIGNON 2010/12 VINTAGE BOTTLE",alcohol,"champagne & sparkling wine ","prosecco, champagne & sparkling wine",wine
103252,"MOET & CHANDON BRUT 2009 VINTAGE",alcohol,"champagne & sparkling wine ","prosecco, champagne & sparkling wine",wine
3185370304976,"MOET & CHANDON BRUT IMPERIAL NON VI",alcohol,"champagne & sparkling wine ","prosecco, champagne & sparkling wine",wine
3185370405871,"MOET & CHANDON BRUT ROSE NON VINTAG",alcohol,"champagne & sparkling wine ","prosecco, champagne & sparkling wine",wine
18008863030317,"PROSECCO DI MARIA BRUT SPARKLING WI",alcohol,"champagne & sparkling wine ","prosecco, champagne & sparkling wine",wine
4008005900390,"ZINFANDEL ROSE 5.5%ABV CALI EDEN DR",alcohol,"low alcohol 5.5% abv","low alcohol wine",wine
4100130023996,"BECKS BIER ALCOHOL FREE",alcohol,"non alcoholic",beer,"beer, cider & alcoholic rtds"
5601164901117,"SUPERBOCK ALCOHOL FREE",alcohol,"non alcoholic",cider,"beer, cider & alcoholic rtds"
25601146003055,"SAGRES ZERO ALCOHOL",alcohol,"non alcoholic",beer,"beer, cider & alcoholic rtds"
7393714517982,"KOPPARBERG ALCOHOL FREE ",alcohol,"non alcoholic",cider,"beer, cider & alcoholic rtds"
8714800020909,"BAVARIA BIER ALCOHOL FREE",alcohol,"non alcoholic",beer,"beer, cider & alcoholic rtds"
5010092051922,"ROLLS WHITE BREAD KINGSMILL FRESH","breads & cakes",bread,bread,"bread & cakes"
5010092058341,"Kingsmaill 6 Wholemeal Rolls","breads & cakes",bread,bread,"bread & cakes"
5024718001314,"PITTA BREAD LARGE LONG LIFE","breads & cakes",bread,bread,"bread & cakes"
5010003000131,"BREAD KINGSMILL WHITE MEDIUM ","breads & cakes",bread,bread,"bread & cakes"
5010092093144,"BREAD KINGSMILL WHITE THICK ","breads & cakes",bread,bread,"bread & cakes"
5010003000339,"BREAD KINGSMILL WHOLEMEAL MEDIUM","breads & cakes",bread,bread,"bread & cakes"
5010092093342,"BREAD KINGSMILL WHOLEMEAL THICK","breads & cakes",bread,bread,"bread & cakes"
101615,"DAKTILLA GREEK BREAD WHITE FINGERS","breads & cakes",bread,bread,"bread & cakes"
5010092344246,"WRAPS 50/50 KINGSMILL","breads & cakes",bread,bread,"bread & cakes"
5010092018000,"CURRANT BUNS SUNBLEST","breads & cakes",bread,"cakes & tarts","bread & cakes"
5060062470826,"Waffles Plain Belgian Frozen ","breads & cakes",cakes,"frozen bread & pastry","frozen food"
5010092152544,"CRUMPETS KINGSMILL LOVE TO TOAST","breads & cakes",cakes,"cakes & tarts","bread & cakes"
5010092281749,"KINGSMILL WHITE HOT CROSS BUNS","breads & cakes",cakes,"cakes & tarts","bread & cakes"
5010092019007,"MUFFINS KINGSMILL LOVE TO TOAST","breads & cakes",cakes,"cakes & tarts","bread & cakes"
5010032153541,"PANCAKES KINGSMILL LOVE TO TOAST","breads & cakes",cakes,"cakes & tarts","bread & cakes"
5010092018109,"TEACAKE FRUITED SUNBLEST FRESH","breads & cakes",cakes,"cakes & tarts","bread & cakes"
5017482100048,"SOLID PACK APPLES ","canned goods","fruit & veg","tinned fruit catering","grocery catering"
5060016821537,"SLICED MUSHROOMS ","canned goods","fruit & veg","tinned vegetables retail","grocery retail"
5060016820172,"SLICED JALAPENO PEPPERS GREEN ","canned goods","fruit & veg","tinned fruit catering","grocery catering"
5010893525189,"Sliced Carrots  ","canned goods","fruit & veg","fresh vegetables",greengrocery
5017482100550,"Plum Halves in Syrup Canned  ","canned goods","fruit & veg","tinned fruit retail","grocery retail"
5000117078812,"Mushy Peas ","canned goods","fruit & veg","tinned vegetables retail","grocery retail"
5000232901385,"Batchelors Mushy Peas ","canned goods","fruit & veg","fresh vegetables",greengrocery
5000232154422,"Caterers Choice Fruit Cocktail ","canned goods","fruit & veg","tinned fruit catering","grocery catering"
5027974509174,"Cateres Choice Plum Tomatoes PEELED","canned goods","fruit & veg","tinned fruit catering","grocery catering"
5027974508177,"Caterers Choice Chopped Tomatos ","canned goods","fruit & veg","tinned fruit catering","grocery catering"
5029788600122,"Jamaica Callaloo ","canned goods","fruit & veg","tinned vegetables retail","grocery retail"
3017800061848,"Sweetcorn in Brine ","canned goods","fruit & veg","tinned vegetables catering","grocery catering"
5017482102028,"ORANGE SEGMENTS IN SYRUP CANNED","canned goods","fruit & veg","tinned fruit catering","grocery catering"
5017482101335,"Butter Beans In Water  ","canned goods","beans & pasta","pasta & noodles retail","grocery retail"
5000117084806,"Branston Baked Beans  ","canned goods","beans & pasta","tinned vegetables catering","grocery catering"
5000157014009,"Caterers Choice Baked Beans  ","canned goods","beans & pasta","tinned vegetables retail","grocery retail"
5017482102097,"Caterers Choice Cannellini Kidney Beans","canned goods","beans & pasta","tinned vegetables retail","grocery retail"
5000157055163,"Heinz Baked Beans  ","canned goods","beans & pasta","tinned vegetables catering","grocery catering"
5000157041487,"Spaghetti Hoops In Tomato Sauce  ","canned goods","beans & pasta","pasta & noodles catering","grocery catering"
5017482101489,"Borlotti Beans","canned goods","beans & pasta","tinned vegetables catering","grocery catering"
5027974127101,"Cateres Choice Tuna in Brine  ","canned goods","meats & fish","tinned & bottled fish catering","grocery catering"
5000232152923,"Pork Luncheon Catering Meat Canned  ","canned goods","meats & fish","fresh pork","meat, fish & poultry"
8414753310064,"ANCHOVY FILLETS IN OIL CATERING","canned goods","meats & fish","tinned & bottled fish catering","grocery catering"
5060016800068,"ANCHOVY CATERING FILLETS IN OIL CAT","canned goods","meats & fish","tinned & bottled fish catering","grocery catering"
5017482101083,"SALMON PINK WILD CANNED","canned goods","meats & fish","fresh fish","meat, fish & poultry"
8000500292327,Nutella ,condiments,spreads,"baking ingredients retail","grocery retail"
43647160508,"Jam Strawberry Reserve  ",condiments,spreads,"jam, honey & spread catering","grocery catering"
5000184201199,"MARMITE JAR YEAST EXTRACT",condiments,spreads,"butters, spreads, fats","fresh food"
5000117205607,"HARTLEYS BLACKCURRANT JAM PORTIONS",condiments,spreads,"biscuit bars",biscuits
5057691000920,"JAM PORTION ASSORTED STR/RAS/BLCRN",condiments,spreads,"cooked meat & sausages","fresh food"
8008660013912,"JAM PORTION RASPBERRY MENZ & GASSER",condiments,spreads,"cooked meat & sausages","fresh food"
5057691000203,"JAM PORTION STRAWBERRY MENZ & GAZZR",condiments,spreads,"jam, honey & spread catering","grocery catering"
8008660013929,"JAM PORTIONS BLACKCURRANT MENZ & GZ",condiments,spreads,"butters, spreads, fats","fresh food"
43647381507,"MARMALADE ORANGE TIPTREE FINE CUT",condiments,spreads,"butters, spreads, fats","fresh food"
5011273640621,"HONEY CLEAR ROWSE SQUEEZY",condiments,spreads,"jam, honey & spread catering","grocery catering"
5011392000276,"AMB TOMATO KETCHUP",condiments,sauces,"ketchup & sauce catering","grocery catering"
5036841000096,"COUNTRY STILE TOMATO KETCHUP",condiments,sauces,"ketchup & sauce catering","grocery catering"
5036841000348,"DEVON STILE BBQ SAUCE ",condiments,sauces,"cooking sauce & paste catering","grocery catering"
5036841000065,"DEVON STILE BURGER SAUCE ",condiments,sauces,dips,"crisps, snacks & dips"
5020744990028,"DEVON STILE GARLIC MAYO",condiments,sauces,cats,"pet food"
5036841000379,"DEVON STILE CHILI RELISH",condiments,sauces,"cooking sauce & paste retail","grocery retail"
112707,"RED HOT BUFFALO WING SAUCE ",condiments,sauces,"cooking sauce & paste retail","grocery retail"
5413226700022,"HEINZ SINGLE TARTARE SAUCE ",condiments,sauces,"cooking sauce & paste catering","grocery catering"
5010285104831,"BROWN SAUCE ",condiments,sauces,"ketchup & sauce retail","grocery retail"
8712566511693,"PEPPER SAUCE",condiments,sauces,"cooking sauce & paste retail","grocery retail"
8722700539025,"BECHAMEL SAUCE",condiments,sauces,"cooking sauce & paste catering","grocery catering"
5060060385139,"GARLIC MAYO ",condiments,sauces,"cooking sauce & paste retail","grocery retail"
8714100685501,"HELLMANS TOMATO KETCHUP",condiments,sauces,"ketchup & sauce retail","grocery retail"
5060154035223,"THICK AND CREAMY MAYO",condiments,sauces,"ketchup & sauce retail","grocery retail"
71475740234,"CAESAR SALAD CARDINI ORIGNIAL",condiments,sauces,"fresh salad",greengrocery
5000111614139,"Portion Pak Brown HP Sachets ",condiments,sauces,"ketchup & sauce catering","grocery catering"
5024577103150,"Portion Pak Vinaigrette Sachets  ",condiments,sauces,"salads, sandwich fillers, dips","fresh food"
5000157015600,"Portion Pak Horseradish Heinz Sauce  ",condiments,sauces,"cooking sauce & paste retail","grocery retail"
5024577103099,"Portion Pak Mayonnaise Sachets ",condiments,sauces,"cooking sauce & paste retail","grocery retail"
5000157015655,"Portion Pak Mayonnaise Heinz Sachet ",condiments,sauces,"butters, spreads, fats","fresh food"
5000157015624,"Portion Pak Mint Heinz Sachet ",condiments,sauces,"ketchup & sauce catering","grocery catering"
5000157015662,"Portion Pak Salad Cream Sachet  ",condiments,sauces,"salads, sandwich fillers, dips","fresh food"
5015612302812,"Soy Sauce Blue Dragon  Dark ",condiments,sauces,"cooking sauce & paste retail","grocery retail"
6921180810347,"Soya Sauce Dark Pearl River Bridge  ",condiments,sauces,"cooking sauce & paste catering","grocery catering"
78895133035,"Soy Sauce Dark Double Deluxe ",condiments,sauces,"cooking sauce & paste retail","grocery retail"
78895137224,"Soy Sauce Light ",condiments,sauces,"cooking sauce & paste retail","grocery retail"
9556151042600,"Soy Sauce Habhals Green Label  ",condiments,sauces,"cooking sauce & paste retail","grocery retail"
5000111608169,"Soy Sauce Amoy Dark ",condiments,sauces,"cooking sauce & paste catering","grocery catering"
5010928233218,"PLUM SAUCE AMOY",condiments,sauces,"cooking sauce & paste catering","grocery catering"
77521273466,"BLACK BEAN SAUCE YEO'S",condiments,sauces,"cooking sauce & paste retail","grocery retail"
78895123005,"PLUM SAUCE LEE KUM KEE",condiments,sauces,"cooking sauce & paste retail","grocery retail"
78895124095,"PEKING DUCK SAUCE LEE KUM KEE",condiments,sauces,"cooking sauce & paste catering","grocery catering"
78895760026,"BLACK BEAN GARLIC SAUCE LKK",condiments,sauces,"cooking sauce & paste retail","grocery retail"
78895700022,"HOI SIN SAUCE JARS LKK",condiments,sauces,"cooking sauce & paste retail","grocery retail"
5017482100710,"Cateres Choice Spiced Pizza  Sauce ",condiments,sauces,"cooking sauce & paste catering","grocery catering"
5027974003177,"Cateres Choice Plain Pizza Sauce ",condiments,sauces,"cooking sauce & paste catering","grocery catering"
5000154012688,"Kyknos Tomato Paste  ",condiments,sauces,"cooking sauce & paste retail","grocery retail"
14809011487014,"Lime Juice  ",condiments,seasonings ,"fresh fruit",greengrocery
7613031293056,"Bullion For Vegetables  ",condiments,seasonings ,"cooking sauce & paste catering","grocery catering"
5014598603654,"Chicken Bouilon Paste  ",condiments,seasonings ,"soup retail","grocery retail"
5014598603708,"Ham Bouilon Paste ",condiments,seasonings ,"cooking sauce & paste catering","grocery catering"
5014598196965,"Tikka Masala Paste ",condiments,seasonings ,"cooking sauce & paste catering","grocery catering"
5017482008030,"Riverdene Chicken Bouillion ",condiments,seasonings ,"cooking sauce & paste catering","grocery catering"
5017482008047,"Vegetable Bouillon ",condiments,seasonings ,"cooking sauce & paste catering","grocery catering"
5014598603715,"Lamb Bouillon ",condiments,seasonings ,"frozen lamb","frozen food"
5019989200665,"BiSto Beef Bouillon Paste ",condiments,seasonings ,"cooking sauce & paste catering","grocery catering"
5020933110671,"Natural Breadcumbs  ",condiments,seasonings ,bread,"bread & cakes"
5012991088184,"Paxo Natural Breadcrumbs ",condiments,seasonings ,"stuffing & breadcrumbs catering","grocery catering"
7613034817907,"Southern Fried Crunchy Bake ",condiments,seasonings ,"retail biscuits",biscuits
14804888804117,"Stew Base Mix  ",condiments,seasonings ,"ready to drink","beer, cider & alcoholic rtds"
5010024130510,"Bisto Powder Brown ",condiments,seasonings ,"gravy & stock catering","grocery catering"
5010024132248,"Bisto For Meat Gravy Granules  ",condiments,seasonings ,"gravy & stock catering","grocery catering"
5019989102716,"Bisto For Turkey Gravy Granules  ",condiments,seasonings ,"biscuit bars",biscuits
8722700668923,"Ginger Puree Simtom ",condiments,seasonings ,"salt, herbs, spices catering","grocery catering"
5011289002697,"Salt Pink Course Himalayan ",condiments,seasonings ,"salt, herbs, spices catering","grocery catering"
5020922024474,"Onion Powder",condiments,seasonings ,"salt, herbs, spices catering","grocery catering"
18850030002289,"SATAY SEASONING MIX LOBO",condiments,seasonings ,"retail biscuits",biscuits
8850030112318,"LOBO ROAST RED PORK SEASONING MIX",condiments,seasonings ,"retail biscuits",biscuits
5027615390840,"KTC Cooking Oil ",condiments,"cooking oils & vinegar","cooking ingredients catering","grocery catering"
100051081,"CHIP SHOP STYLE VINEGAR ",condiments,"cooking oils & vinegar","ketchup & sauce catering","grocery catering"
5060336500655,"MALT VINEGAR",condiments,"cooking oils & vinegar","cooking sauce & paste catering","grocery catering"
5019124436003,"DISTILLED WHITE VINEGAR ",condiments,"cooking oils & vinegar","cooking sauce & paste catering","grocery catering"
5013635102204,"LONG LIFE OIL BUCKET KTC YELLOW",condiments,"cooking oils & vinegar","cooking ingredients catering","grocery catering"
5013635116904,"OIL RAPESEED BOXED KTC",condiments,"cooking oils & vinegar","cooking ingredients catering","grocery catering"
5013635116522,"OIL RAPESEED SOP 100% PURE",condiments,"cooking oils & vinegar","butters, spreads, fats","fresh food"
5013635001217,"OIL VEGETABLE BOXED CHEFS CHOICE",condiments,"cooking oils & vinegar","cooked meat & sausages","fresh food"
5013635001200,"OIL VEGETABLE CAN KTC CHEFS CHOICE",condiments,"cooking oils & vinegar","butters, spreads, fats","fresh food"
5013635106806,"OIL VEGETABLE EXTENDED LIFE KTC",condiments,"cooking oils & vinegar","butters, spreads, fats","fresh food"
5013635101283,"OIL VEGETABLE KTC",condiments,"cooking oils & vinegar","butters, spreads, fats","fresh food"
5010893565048,"OIL VEGETABLE PLASTIC KTC",condiments,"cooking oils & vinegar","frozen vegetables","frozen food"
5020580032043,"PALM OIL ADEPA / AGGARWAL",condiments,"cooking oils & vinegar","butters, spreads, fats","fresh food"
5020580121884,"PALM OIL MOTHER AFRICA PURE COOKING",condiments,"cooking oils & vinegar","baking ingredients retail","grocery retail"
5020580032319,"PALM OIL MOTHER AFRICA PURE COOKING",condiments,"cooking oils & vinegar","butters, spreads, fats","fresh food"
5020580121341,"PALM OIL MOTHER AFRICA PURE RED",condiments,"cooking oils & vinegar","butters, spreads, fats","fresh food"
5013635201259,"PALM OIL PALMAX BLOCK",condiments,"cooking oils & vinegar","butters, spreads, fats","fresh food"
5028905016990,"PALM OIL PREP BLOCK",condiments,"cooking oils & vinegar","butters, spreads, fats","fresh food"
108080,"PREP SUNFLOWER OIL EXTENDED LIFE",condiments,"cooking oils & vinegar","butters, spreads, fats","fresh food"
5028905010257,"PREP ULTRA LONG LIFE OIL BUCKET",condiments,"cooking oils & vinegar","cooked meat & sausages","fresh food"
5013635606139,"SUNFLOWER OIL",condiments,"cooking oils & vinegar","cooking ingredients catering","grocery catering"
5013635611508,"SUNFLOWER OIL DRUMS",condiments,"cooking oils & vinegar","baking ingredients catering","grocery catering"
5010893205203,"SUNFLOWER OIL SOP KTC TROPICAL SUN",condiments,"cooking oils & vinegar","cooking ingredients catering","grocery catering"
5028905010400,"WHIRL BUTTER SUBSTITUTE LIQUID CATE",condiments,"cooking oils & vinegar","butters, spreads, fats","fresh food"
106734,"OLIVE OIL CRETAN RAPHAEL",condiments,"cooking oils & vinegar","cooking ingredients catering","grocery catering"
5000362210180,"OLIVE OIL ELEANTHOS GREEK EXTRA VIRGIN",condiments,"cooking oils & vinegar","cooking ingredients retail","grocery retail"
5000362360717,"OLIVE OIL EXTRA VIRGIN CYPRESSA GRE",condiments,"cooking oils & vinegar","cooking ingredients catering","grocery catering"
15204766004223,"OLIVE OIL EXTRA VIRGIN MINOS CRETAN",condiments,"cooking oils & vinegar","cooking ingredients catering","grocery catering"
15204766004216,"OLIVE OIL EXTRA VIRGIN MINOS CRETAN",condiments,"cooking oils & vinegar","cooking ingredients catering","grocery catering"
15060167090131,"OLIVE OIL EXTRA VIRGIN SPANISH",condiments,"cooking oils & vinegar","cooking ingredients retail","grocery retail"
5000362210531,"OLIVE OIL GREEK EXTRA VIRGIN CYPRES",condiments,"cooking oils & vinegar","cooking ingredients catering","grocery catering"
15060167090841,"OLIVE OIL LOS TRES EXTRA VIRGIN",condiments,"cooking oils & vinegar","cooking ingredients retail","grocery retail"
103565,"OLIVE OIL PURE CYPRESSA CANNED",condiments,"cooking oils & vinegar","cooking ingredients catering","grocery catering"
68410660061657,"POMACE BLEND & SUNFLOWER SPANISH",condiments,"cooking oils & vinegar","impulse cakes","bread & cakes"
5037554000731,"POMACE OIL LA ESPANOLA LEFKOTRO",condiments,"cooking oils & vinegar","cooking ingredients catering","grocery catering"
5014258500293,"DRIPPING BEEF BLOCK DEODERIZED",condiments,"cooking oils & vinegar","cooked meat & sausages","fresh food"
5011515375984,"CHILLI INFUSED OIL CHEFS PASS",condiments,"cooking oils & vinegar","cooking ingredients catering","grocery catering"
5013635301409,"COCONUT CREAM BLOCK KTC/WICHY",condiments,"cooking oils & vinegar",cream,"fresh food"
5019124015161,"COCONUT OIL KHANUM PRIDE KTC",condiments,"cooking oils & vinegar","cooking ingredients catering","grocery catering"
5028905023714,"GRIDDLE OIL SPRAY WHIRL",condiments,"cooking oils & vinegar","butters, spreads, fats","fresh food"
5013635482900,"MUSTARD OIL KTC BOTTLES",condiments,"cooking oils & vinegar","cooking ingredients catering","grocery catering"
5013635482931,"MUSTARD OIL PURE KTC",condiments,"cooking oils & vinegar","cooking ingredients catering","grocery catering"
5028905022038,"OIL SPRAY PREP BOTTLES RAPESEED",condiments,"cooking oils & vinegar","butters, spreads, fats","fresh food"
5019124928904,"SESAME OIL BLENDED GOLDEN SWAN BOTT",condiments,"cooking oils & vinegar","cooking ingredients catering","grocery catering"
19555040809994,"Noodle Udon Japanese Orient  ","dry goods","pasta & rice","pasta & noodles catering","grocery catering"
68005900130028,"Spaghetti Campioni Italian ","dry goods","pasta & rice","pasta & noodles catering","grocery catering"
5000184596059,"Spaghetti Short ","dry goods","pasta & rice","pasta & noodles catering","grocery catering"
5020580600457,"Salaam Basmati Rice  ","dry goods","pasta & rice","pasta & noodles catering","grocery catering"
5015612201559,"Medium Egg Noodles  ","dry goods","pasta & rice","pasta & noodles catering","grocery catering"
5601286260109,Couscous ,"dry goods","pasta & rice","pasta & noodles catering","grocery catering"
5601286211781,Linguini,"dry goods","pasta & rice","pasta & noodles retail","grocery retail"
5601286260215,"Espirais sem Glute ","dry goods","pasta & rice","pasta & noodles catering","grocery catering"
5601286254788,Macarronete ,"dry goods","pasta & rice","pasta & noodles catering","grocery catering"
5601286251787,Macarrao ,"dry goods","pasta & rice","pasta & noodles catering","grocery catering"
5601286220783,"Cotovelos Grosso 15x500g","dry goods","pasta & rice","dry veg, cereals & rice catering","grocery catering"
5601286270788,Fettucine ,"dry goods","pasta & rice","pasta & noodles catering","grocery catering"
5601286260222,Spaghetti ,"dry goods","pasta & rice","pasta & noodles catering","grocery catering"
5601286222787,Cotovelinho ,"dry goods","pasta & rice","pasta & noodles catering","grocery catering"
5601286248787,Conchas,"dry goods","pasta & rice","retail biscuits",biscuits
5601286252784,"Macarrao GR","dry goods","pasta & rice","pasta & noodles catering","grocery catering"
18850144210617,"RICE PORRIDGE CHICKEN MAMA","dry goods","pasta & rice","pasta & noodles catering","grocery catering"
8850144208204,"RICE PORRIDGE PORK  MAMA","dry goods","pasta & rice","biscuit bars",biscuits
5000118203503,"CHICKEN/MUSHROOM POT NOODLE","dry goods","pasta & rice","fresh poultry","meat, fish & poultry"
5000118203534,"CHOW MEIN POT NOODLE","dry goods","pasta & rice","pasta & noodles catering","grocery catering"
8714100438480,"BEEF & TOMATO POT NOODLE","dry goods","pasta & rice","pasta & noodles catering","grocery catering"
5601286290786,LACOS ,"dry goods","pasta & rice","pasta & noodles catering","grocery catering"
5601286231772,ESTRELINHA,"dry goods","pasta & rice","retail biscuits",biscuits
5601286235770,PEROLAS,"dry goods","pasta & rice","pasta & noodles retail","grocery retail"
5010067347180,"Light Brown Soft Sugar ","dry goods","sugar & sweetner","sugar & syrup catering","grocery catering"
5010067333107,"Caster Sugar ","dry goods","sugar & sweetner","sugar & syrup catering","grocery catering"
5010067330199,"Sugar Granulated 1kg","dry goods","sugar & sweetner","sugar & syrup catering","grocery catering"
5010651051219,"BROWN SUGAR LIGHT MUSCOVADO","dry goods","sugar & sweetner","sugar & syrup retail","grocery retail"
5010651041333,"BROWN SUGAR DARK MUSCOVADO","dry goods","sugar & sweetner","sugar & syrup catering","grocery catering"
5010651051318,"BROWN SUGAR DARK MUSCOVADO","dry goods","sugar & sweetner","sugar & syrup catering","grocery catering"
5010115013234,"VENDING SUGAR POLLY PILLOW","dry goods","sugar & sweetner","sugar & syrup catering","grocery catering"
70177814281,"WHITE SUGAR STICKS GRANULATED","dry goods","sugar & sweetner","sugar & syrup catering","grocery catering"
5010115027156,"ICING SUGAR BAGS TATE & LYLE","dry goods","sugar & sweetner","baking ingredients catering","grocery catering"
5010115027163,"ICING SUGAR CARTONS TATE &LYLE","dry goods","sugar & sweetner","baking ingredients catering","grocery catering"
5010115107902,"SWEETENER SACHET ZUCRO ASR","dry goods","sugar & sweetner","sugar & syrup catering","grocery catering"
5011417753460,"SWEETEX TABLETS SWEETENERS","dry goods","sugar & sweetner","impulse cakes","bread & cakes"
6940152200986,"YELLOW LUMP SUGAR SW CHINESE","dry goods","sugar & sweetner","sugar & syrup catering","grocery catering"
5020387002584,"Maestro Pizza Flour  ","dry goods",flour ,"baking ingredients catering","grocery catering"
5601043111019,"BRANCA NEVE FINA","dry goods",flour ,"retail biscuits",biscuits
5019124941101,"FLOUR SELF RAISING FINE LADY","dry goods",flour ,bread,"bread & cakes"
5060154037494,"Baking Powder  800g","dry goods","baking powders ","baking ingredients catering","grocery catering"
5020933013071,"Bicarbonate of Soda  ","dry goods","baking powders ","baking ingredients catering","grocery catering"
5013803105556,"Mixed nuts Chopped ","dry goods",nuts,nuts,"crisps, snacks & dips"
5013803101169,"Brazil Nuts","dry goods",nuts,nuts,"crisps, snacks & dips"
5010398010777,"Porridge Oat Flakes Rolled  ","dry goods","cereals & oats ","breakfast cereals retail","grocery retail"
5050083220722,"CORNFLAKES BULK KELLOGGS 10kg","dry goods","cereals & oats ","breakfast cereals retail","grocery retail"
5050083221644,"RICE KRISPIES BULK KELLOGGS","dry goods","cereals & oats ","retail biscuits",biscuits
5013503144909,"ALL BRAN KELLOGGS","dry goods","cereals & oats ","breakfast cereals retail","grocery retail"
5050083392788,"ALL BRAN KELLOGGS PORTION PACKS","dry goods","cereals & oats ","fresh fruit",greengrocery
5010029219333,"ALPEN MUESLI NO ADDED SUGAR","dry goods","cereals & oats ","breakfast cereals retail","grocery retail"
5010029226270,"ALPEN MUESLI ORIGINAL","dry goods","cereals & oats ","breakfast cereals retail","grocery retail"
5010029223286,"ALPEN PORTION NO ADDED SUGAR SACHET","dry goods","cereals & oats ","retail biscuits",biscuits
5010029223279,"ALPEN PORTION SACHETS","dry goods","cereals & oats ","retail biscuits",biscuits
5050083478475,"BRAN FLAKES BAG PACK KELLOGGS","dry goods","cereals & oats ","breakfast cereals retail","grocery retail"
7613035710207,"BRAN FLAKES HARVEST HOME","dry goods","cereals & oats ","breakfast cereals retail","grocery retail"
5050083394157,"BRAN FLAKES KELLOGGS PORTION PACKS","dry goods","cereals & oats ","breakfast cereals retail","grocery retail"
5011476100885,"CHEERIOS NESTLE MULTIGRAIN","dry goods","cereals & oats ","breakfast cereals retail","grocery retail"
5053827185011,"COCO POPS BIG BOX KELLOGGS","dry goods","cereals & oats ","retail biscuits",biscuits
5053827152747,"COCO POPS PACK CATERING KELLOGG","dry goods","cereals & oats ","breakfast cereals catering","grocery catering"
5050083392795,"COCO POPS PORTIONS KELLOGGS","dry goods","cereals & oats ","breakfast cereals catering","grocery catering"
7613036358699,"COOKIE CRISP CEREAL NESTLE","dry goods","cereals & oats ","breakfast cereals retail","grocery retail"
5010893065579,"CORNFLAKES FROSTED HERITAGE","dry goods","cereals & oats ","breakfast cereals retail","grocery retail"
7613035710702,"CORNFLAKES GOLDEN HARVEST HOME","dry goods","cereals & oats ","breakfast cereals retail","grocery retail"
5050083478529,"CORNFLAKES KELLOGGS CATERING PACK","dry goods","cereals & oats ","breakfast cereals catering","grocery catering"
5050083478512,"CORNFLAKES KELLOGGS CATERING PACK","dry goods","cereals & oats ","breakfast cereals catering","grocery catering"
5013503018415,"CORNFLAKES KELLOGGS FAMILY PACK","dry goods","cereals & oats ","baking ingredients retail","grocery retail"
5053827209212,"CORNFLAKES KELLOGGS FAMILY PACK","dry goods","cereals & oats ","breakfast cereals retail","grocery retail"
5050083393709,"CORNFLAKES PORTION KELLOGGS","dry goods","cereals & oats ","breakfast cereals retail","grocery retail"
5053827159869,"CRUNCHY GRANOLA KELLOGGS","dry goods","cereals & oats ","catering biscuits",biscuits
5053827190299,"CRUNCHY NUT CORNFLAKES KELLOGGS","dry goods","cereals & oats ","breakfast cereals retail","grocery retail"
5050083478505,"CRUNCHY NUT CORNFLAKES KELLOGGS","dry goods","cereals & oats ","breakfast cereals retail","grocery retail"
5050083392870,"CRUNCHY NUT CORNFLAKES PORTION KELL","dry goods","cereals & oats ","breakfast cereals retail","grocery retail"
5053827178556,"FROSTIES KELLOGGS CATERPACK","dry goods","cereals & oats ","breakfast cereals retail","grocery retail"
5050083393853,"FROSTIES KELLOGGS PORTION","dry goods","cereals & oats ","breakfast cereals catering","grocery catering"
5010893065609,"FRUIT & FIBRE HERITAGE","dry goods","cereals & oats ","fresh fruit",greengrocery
5050083478567,"FRUIT & FIBRE KELLOGGS","dry goods","cereals & oats ","breakfast cereals retail","grocery retail"
5050083393907,"FRUIT & FIBRE PORTIONS KELLOGGS","dry goods","cereals & oats ","retail biscuits",biscuits
5053827187657,"MIX PACK KELLOGGS PORTION 5 top","dry goods","cereals & oats ","breakfast cereals retail","grocery retail"
5900020020079,"NESTLE CURIOUSLY CINNAMON CEREAL","dry goods","cereals & oats ","breakfast cereals retail","grocery retail"
5050083478581,"RICE KRISPES CATERING KELLOGGS","dry goods","cereals & oats ","catering biscuits",biscuits
5050083545207,"RICE KRISPES KELLOGGS BIG BOX","dry goods","cereals & oats ","breakfast cereals retail","grocery retail"
5050083393631,"RICE KRISPIES PORTION KELLOGGS","dry goods","cereals & oats ","breakfast cereals retail","grocery retail"
7613031473106,"SHREDDED WHEAT BISCUITS","dry goods","cereals & oats ","retail biscuits",biscuits
7613036078818,"SHREDDIES NESTLE","dry goods","cereals & oats ","breakfast cereals retail","grocery retail"
7613033490897,"SHREDDIES NESTLE COCO CHOCOLATE","dry goods","cereals & oats ","breakfast cereals retail","grocery retail"
5053827193603,"SPECIAL K KELLOGGS CATER PACK","dry goods","cereals & oats ","catering biscuits",biscuits
5053827101561,"SPECIAL K KELLOGGS PORTION PACKS","dry goods","cereals & oats ","breakfast cereals catering","grocery catering"
35060288540014,"SUGAR PUFFS HONEY MONSTER","dry goods","cereals & oats ","breakfast cereals retail","grocery retail"
5050083583568,"VARIETY PACK PORTION KELLOGGS","dry goods","cereals & oats ","catering biscuits",biscuits
5010029212426,"WEETABIX CATERING A-PACK BISCUITS","dry goods","cereals & oats ","catering biscuits",biscuits
5010029212440,"WEETABIX ONE BISCUIT PORTION IW 'C'","dry goods","cereals & oats ","catering biscuits",biscuits
5010029103403,"WEETABIX TWO BISCUIT PORTION IW 'B'","dry goods","cereals & oats ","retail biscuits",biscuits
5020933012159,"MUESLI FRUIT & FIBRE SWISS STYLE","dry goods","cereals & oats ","breakfast cereals retail","grocery retail"
5013503450024,"MUESLI LUXURY KELLOGGS BAG PACK","dry goods","cereals & oats ","retail biscuits",biscuits
5000108003038,"PORRIDGE OATFLAKES DRY CATERING BAG","dry goods","cereals & oats ","catering biscuits",biscuits
5010029219517,"READY BREK PORRIDGE WEETABIX","dry goods","cereals & oats ","breakfast cereals retail","grocery retail"
1132040181278,"DUTCH TOMATOES","fresh foods","fruit & veg ","fresh vegetables",greengrocery
20202022002,"ONIONS (DUTCH)","fresh foods","fruit & veg ","fresh vegetables",greengrocery
8717154571288,"ONIONS (RED)","fresh foods","fruit & veg ","fresh vegetables",greengrocery
4014071051232,PINEAPPLE,"fresh foods","fruit & veg ","fresh fruit",greengrocery
5600224633036,STRAWBERRIES,"fresh foods","fruit & veg ","fresh fruit",greengrocery
8717662026621,AVOCADOES,"fresh foods","fruit & veg ","fresh fruit",greengrocery
8715817120026,"TOMATOES CHERRY VINE ","fresh foods","fruit & veg ","fresh fruit",greengrocery
8424691120021,"BROCCOLI FRESH ","fresh foods","fruit & veg ","fresh vegetables",greengrocery
3420820008807,CARROTS,"fresh foods","fruit & veg ","fresh vegetables",greengrocery
4000007066579,CUCUMBERS,"fresh foods","fruit & veg ","fresh vegetables",greengrocery
6111255630011,BLUEBERRIES,"fresh foods","fruit & veg ","fresh fruit",greengrocery
3014230540742,"LARGE MILD ONIONS","fresh foods","fruit & veg ","fresh vegetables",greengrocery
8424134000347,"ROMAINE LETTUCE","fresh foods","fruit & veg ","fresh vegetables",greengrocery
5053108006189,"Prima Cheese grated mozzarella","fresh foods",dairy ,cheese,"fresh food"
5019124051008,"Pure Butter Ghee  ","fresh foods",dairy ,"butters, spreads, fats","fresh food"
5000181031416,"Pure Irish Butter  ","fresh foods",dairy ,"butters, spreads, fats","fresh food"
5017600099452,"Fresh Semi Skimmed  Milk ","fresh foods",dairy ,milk,"fresh food"
5017600099445,"Fresh Whole Millk ","fresh foods",dairy ,milk,"fresh food"
609132041754,"Unsalted Butter 250g","fresh foods",dairy ,"butters, spreads, fats","fresh food"
5011648900312,"Mozzarella Slices ","fresh foods",dairy ,cheese,"fresh food"
5011069166885,"Kerrymaid Double Cream","fresh foods",dairy ,cream,"fresh food"
2145460100001,"PARMESAN CHEESE TYPE HARD GRATED","fresh foods",dairy ,cheese,"fresh food"
5010439022110,"Powdered Milk Milfresh","fresh foods",dairy ,"milk alternatives","fresh food"
5010084109778,"Just Roll Puff Pastry Block ","fresh foods",pastry,"pastry, savouries, bread & pasta","fresh food"
5060302690779,"HADDOCK FILLET 10-12 SKINONBONE","frozen foods",fish ,"frozen fish","frozen food"
72185507513,"BABY SQUID ","frozen foods",fish ,"frozen fish","frozen food"
3800201011501,"WHITE BAIT","frozen foods",fish ,"frozen fish","frozen food"
3800201010917,"BLANCH BAIT","frozen foods",fish ,"frozen fish","frozen food"
7141043780108,"SQUID TUBES","frozen foods",fish ,"frozen fish","frozen food"
19555018507723,"SALT & PEPPER SQUID","frozen foods",fish ,"frozen fish","frozen food"
5024051003013,"DEAL COCKEL","frozen foods",fish ,"frozen fish","frozen food"
5013609999762,"COD FILLET IQF 8/10","frozen foods",fish ,"frozen fish","frozen food"
5024051002535,"IQF COD FILLET 10/12","frozen foods",fish ,"frozen fish","frozen food"
5030450705380,"CRAB STICKS ","frozen foods",fish ,"frozen fish","frozen food"
8414981000614,"CREVETTES 25/35 COOKED","frozen foods",fish ,"frozen fish","frozen food"
7861431304029,"CREVETTES 30/40 COOKED","frozen foods",fish ,"frozen fish","frozen food"
5060346000534,"FROZEN MEDIUM FISH CAKES","frozen foods",fish ,"frozen fish","frozen food"
5000151500140,"JUMBO FISH FINGERS","frozen foods",fish ,"frozen fish","frozen food"
5024051002597,"HADDOCK 8/10","frozen foods",fish ,"frozen fish","frozen food"
5013609000567,"MACKEREL FROZEN","frozen foods",fish ,"frozen fish","frozen food"
10000004859276,"MUSSELS NZ 1KG","frozen foods",fish ,"frozen fish","frozen food"
5013609996167,"MUSSELS MEAT FROZEN 1KG","frozen foods",fish ,"frozen fish","frozen food"
5411658120104,"OCEAN PINK","frozen foods",fish ,"frozen fish","frozen food"
8715822240788,"PLAICE FILLET ","frozen foods",fish ,"frozen fish","frozen food"
5740301091073,"PEELED PRAWNS 446 2KG","frozen foods",fish ,"frozen fish","frozen food"
5690886901505,"SHELL ON PRAWNS","frozen foods",fish ,"frozen fish","frozen food"
5024051000807,"RAW KING PRAWNS 16/20 PDV","frozen foods",fish ,"frozen fish","frozen food"
5025728021767,"WHOLE TAIL SCAMPI","frozen foods",fish ,"frozen fish","frozen food"
5024051002283,"SWORD STEAKS 170-220g","frozen foods",fish ,"frozen fish","frozen food"
5024051002269,"TUNA STEAKS 170-220g","frozen foods",fish ,"frozen fish","frozen food"
15099394000309,"WHELK MEAT 1KG","frozen foods",fish ,"frozen fish","frozen food"
786684120316,"FROZEN RAW CREVETTES 20/30 2KG","frozen foods",fish ,"frozen fish","frozen food"
856203006613,"SEA FOOD MIX FROZEN","frozen foods",fish ,"frozen fish","frozen food"
19555018504036,"BREADED BUTTERFLY KING PRAWNS ","frozen foods",fish ,"frozen fish","frozen food"
2955528012166,"OCTOPUS SMALL","frozen foods",fish ,"frozen fish","frozen food"
2953388020826,"OCTOPUS LARGE","frozen foods",fish ,"frozen fish","frozen food"
5601419181950,"SARDINES FROZEN","frozen foods",fish ,"frozen fish","frozen food"
5000205539652,"FISH FINGERS BREADED COD YOUNGS","frozen foods",fish ,"frozen fish","frozen food"
5060130671520,"BEEF BURGER USA ","frozen foods",meat ,"frozen burgers, grills, sausages","frozen food"
5060446320051,"SUPERIOR HALAL BURGER","frozen foods",meat ,"frozen burgers, grills, sausages","frozen food"
5060130672022,"GOURMET HALAL BEEF BURGER","frozen foods",meat ,"frozen burgers, grills, sausages","frozen food"
5060446320112,"SPARKS PREMIUM HALAL BEEF BURGERS","frozen foods",meat ,"frozen burgers, grills, sausages","frozen food"
77980492540810,"CHICKEN BREAST 100 IQF FROZEN","frozen foods",meat ,"frozen poultry","frozen food"
4056100540935,"BEN & JERRY'S PHISH FOOD","frozen foods","ice cream ","frozen desserts","frozen food"
8000920853962,"BEN & JERRY'S 'WICH COOKIE DOUGH","frozen foods","ice cream ","frozen desserts","frozen food"
8000920853573,"BEN & JERRY'S 'WICH FUDGE BROWNIE","frozen foods","ice cream ","frozen desserts","frozen food"
8714100563199,"MAGNUM CLASSIC TUB","frozen foods","ice cream ","ice cream","frozen food"
8714100563274,"MAGNUM WHITE TUB","frozen foods","ice cream ","ice cream","frozen food"
5000201322609,"Cadburys Flake  99 standard bars","frozen foods","ice cream ","ice cream sundries",confectionery
5010652630000,"Comelle Ice Cream Mix  ","frozen foods","ice cream ","frozen desserts","frozen food"
15018359907002,"Jersey Dairy Luxury Ice Cream Mix  ","frozen foods","ice cream ","frozen desserts","frozen food"
50000067,"Wafer Cone olympic small","frozen foods","ice cream ","wafers & cones",biscuits
15010603000743,"Vanilla Bean ","frozen foods","ice cream ","frozen desserts","frozen food"
15010603000101,"Coconut Cream Ice Cream ","frozen foods","ice cream ","frozen desserts","frozen food"
5099869747596,"Strawberry I ce Cream ","frozen foods","ice cream ","frozen desserts","frozen food"
5099869747589,"Vanilla Ice Cream ","frozen foods","ice cream ","frozen desserts","frozen food"
5011035603550,"Frecnh Vanilla Ice Cream ","frozen foods","ice cream ","frozen desserts","frozen food"
5011035603420,"Strawberry Ice Cream ","frozen foods","ice cream ","frozen desserts","frozen food"
5011035603413,"Double Chocolate Ice Cream ","frozen foods","ice cream ","frozen desserts","frozen food"
5011035605127,"Rhubarb Ice Cream ","frozen foods","ice cream ","frozen desserts","frozen food"
5011035603482,"PISTACHIO ICE CREAM GLENOWN","frozen foods","ice cream ","frozen desserts","frozen food"
501103560396,"Honeycomb Ice Cream ","frozen foods","ice cream ","frozen desserts","frozen food"
15010603000163,"Honeycomb Heaven ","frozen foods","ice cream ","frozen desserts","frozen food"
15010603000279,"Orange Sorbet ","frozen foods","ice cream ","frozen desserts","frozen food"
15010603000903,"Champange Sorbet ","frozen foods","ice cream ","frozen desserts","frozen food"
15010603000941,"Rasberry Sorbet ","frozen foods","ice cream ","frozen desserts","frozen food"
5060130197037,"Vanilla Roma Ice Cream ","frozen foods","ice cream ","ice cream","frozen food"
5060130197051,"Chocolate Chip Cookie Dough Ice Cream","frozen foods","ice cream ","ice cream","frozen food"
5060130196825,"Chocolate Ice Cream","frozen foods","ice cream ","ice cream","frozen food"
5060130197020,"Cherry Ice Cream","frozen foods","ice cream ","frozen desserts","frozen food"
5060130196849,"Bubblegum Ice Cream","frozen foods","ice cream ","ice cream","frozen food"
5060130196832,"Mint Chocolate Chip Ice Cream","frozen foods","ice cream ","ice cream","frozen food"
5060130196962,"Banana Ice Cream ","frozen foods","ice cream ","frozen desserts","frozen food"
5060130197044,"Mixed Berry Ice Cream ","frozen foods","ice cream ","frozen desserts","frozen food"
5060130196870,"Vanilla with Oreo Pieces Ice Cream ","frozen foods","ice cream ","frozen desserts","frozen food"
5060130196818,"Strawberry Ice Cream ","frozen foods","ice cream ","ice cream","frozen food"
5060130196955,"Toffee Fudge Ice Cream ","frozen foods","ice cream ","frozen desserts","frozen food"
5060130196894,"Candy Floss Ice Cream ","frozen foods","ice cream ","ice cream","frozen food"
50601301969622,"Biscotto Ice Cream ","frozen foods","ice cream ","ice cream","frozen food"
700461632115,"WAFFLE CONE DIPPED CHOCOLATE LINED","frozen foods","ice cream ","wafers & cones",biscuits
700461632108,"WAFFLE CONE MEDIUM PLAIN  TALL CLAS","frozen foods","ice cream ","wafers & cones",biscuits
5413408020122,"FROZEN ONIONS CHOPPED","frozen foods","fruit & veg","frozen vegetables","frozen food"
5023846524016,"WHOLE CARROTS EXTRA FINE FROZEN","frozen foods","fruit & veg","frozen vegetables","frozen food"
5411361010877,"FROZEN PARSNIPS BABY WHOLE","frozen foods","fruit & veg","frozen vegetables","frozen food"
4006034102310,"ENDOS FRENCH FRIES","frozen foods","chips & fries","frozen vegetables","frozen food"
8710449919550,"FRIBA MEDIUM 13MM","frozen foods","chips & fries","frozen vegetables","frozen food"
8710449936793,"AVIKO 15MM","frozen foods","chips & fries","frozen vegetables","frozen food"
8710449936861,"AVIKO 9.5MM","frozen foods","chips & fries","frozen vegetables","frozen food"
5010357553499,"Yorkshire Tea 1040","hot drinks",tea ,"tea catering","hot drinks"
5000208110186,"Tetley Tea 0ne Cup","hot drinks",tea ,"tea retail","hot drinks"
70177832001,"Earl Grey Tea  ","hot drinks",tea ,"tea retail","hot drinks"
8712423020290,"PG Tips Decaffeinated Tea Bags ","hot drinks",tea ,"tea retail","hot drinks"
5034660514411,"Cadbury Drinking Chocolate  ","hot drinks","hot chocolate ","other hot drinks retail","hot drinks"
5034660022275,"Cadbury Bournville Cocoa ","hot drinks","hot chocolate ","other hot drinks retail","hot drinks"
7622210186423,"Chocolate Instant Choc One ","hot drinks","hot chocolate ","boxed chocolates",confectionery
5034660514466,"CHOCOLATE HOT INSTANT TIN CADBURY'S","hot drinks","hot chocolate ","boxed chocolates",confectionery
7613032513184,"CHOCOLATE HOT NESTLE INSTANT VENDNG","hot drinks","hot chocolate ","boxed chocolates",confectionery
7622210137180,"CHOCOLATE INSTANT STICK CADBURY","hot drinks","hot chocolate ","boxed chocolates",confectionery
5060113912732,"GALAXY INSTANT STICK CHOCOLATE","hot drinks","hot chocolate ",chocolate,confectionery
5060190225718,"COFFEE BEANS SLUMBERJACK","hot drinks","coffee beans, ground & filter","coffee retail","hot drinks"
5033060000395,"COFFEE BEANS CAFÉ BRAZIL","hot drinks","coffee beans, ground & filter","coffee retail","hot drinks"
8711000277423,"COFFEE BEANS ESPRESSO DARK DOUWE EG","hot drinks","coffee beans, ground & filter","coffee retail","hot drinks"
8711000043301,"COFFEE BEANS ESPRESSO EXTRA DARK","hot drinks","coffee beans, ground & filter","coffee retail","hot drinks"
5060190226883,"COFFEE BEANS ITALIAN ESPRESSO","hot drinks","coffee beans, ground & filter","coffee retail","hot drinks"
5010357554786,"COFFEE DECAFFEINATED BEANS TAYLORS","hot drinks","coffee beans, ground & filter","coffee retail","hot drinks"
5010357555400,"COFFEE ESPRESSO BEANS ARABICA TAYLO","hot drinks","coffee beans, ground & filter","fresh fruit",greengrocery
5010357551020,"COFFEE ESPRESSO BEANS TAYLORS","hot drinks","coffee beans, ground & filter","coffee retail","hot drinks"
8711000953662,"COFFEE FILTER BLEND DOUWE EGBERTS","hot drinks","coffee beans, ground & filter","coffee retail","hot drinks"
5010357551099,"COFFEE GROUND DECAFFENATED TAYLORS","hot drinks","coffee beans, ground & filter","coffee retail","hot drinks"
615357123625,"COFFEE RICH ITALIAN BEANS TAYLORS","hot drinks","coffee beans, ground & filter","coffee retail","hot drinks"
5060113913104,"COFFEE VENDING CAFE NUEVA FORZA","hot drinks","coffee beans, ground & filter","coffee catering","hot drinks"
8711000351673,"DOUWE EGBERTS RICH ROAST INSTANT CO","hot drinks","coffee beans, ground & filter","coffee retail","hot drinks"
7613035301412,"Nescafe Original Instant ","hot drinks","instant coffee","coffee catering","hot drinks"
7613036077521,"NESCAFE GOLD BLEND INSTANT COFFEE","hot drinks","instant coffee","coffee catering","hot drinks"
7622200656899,"KENCO DECAF 1cup COFFEE STICKS","hot drinks","instant coffee","coffee retail","hot drinks"
7622200656875,"KENCO SMOOTH 1cup COFFEE STICKS","hot drinks","instant coffee","coffee retail","hot drinks"
5000243727585,"NESCAFE DECAFFEINATED 1cup STICK SA","hot drinks","instant coffee","coffee retail","hot drinks"
7613035301658,"NESCAFE GOLD BLEND INSTANT COFFEE","hot drinks","instant coffee","coffee retail","hot drinks"
5000243000350,"NESCAFE GOLD BLEND INSTANT COFFEE","hot drinks","instant coffee","coffee retail","hot drinks"
5000243001135,"NESCAFE GOLD BLEND VENDING COFFEE P","hot drinks","instant coffee","coffee catering","hot drinks"
7613033694165,"NESCAFE GOLD BLEND1cup STICK SACHET","hot drinks","instant coffee","coffee catering","hot drinks"
7613033444807,"NESCAFE ORIGINAL INSTANT COFFEE 83m","hot drinks","instant coffee","coffee retail","hot drinks"
5000243727561,"NESCAFE CLASSIC ORIGINAL 360G","hot drinks","instant coffee","coffee retail","hot drinks"
5011546464244,"AERO INSTANT CHOCOLATE SACHETS 1CUP","hot drinks","cappuccinos & lattes","other hot drinks catering","hot drinks"
7613033121975,"CAPPUCCINO GOLD SACHETS NESCAFE","hot drinks","cappuccinos & lattes","other hot drinks catering","hot drinks"
7613034651587,"LATTE NESCAFE 1CUP SACHETS GOLD","hot drinks","cappuccinos & lattes","other hot drinks catering","hot drinks"
7613031329397,"LATTE NESCAFE GOLD CATERING 1KG","hot drinks","cappuccinos & lattes","other hot drinks catering","hot drinks"
3052910052782,"Monin Vanilla Syrup ","hot drinks",syrups ,"retail biscuits",biscuits
5018010401743,"Da Vinci Caramel Syrup ","hot drinks",syrups ,"other hot drinks catering","hot drinks"
5018010421376,"Da Vinci Vanilla Syrup ","hot drinks",syrups ,"other hot drinks catering","hot drinks"
5018010401781,"Da Vinci Hazelnut Syrup ","hot drinks",syrups ,"other hot drinks catering","hot drinks"
5146252010208,"Chickory & Coffee Essence ","hot drinks",syrups ,"tea catering","hot drinks"
5018010197684,"Da Vinci Strawberry Topping  ","hot drinks",syrups ,"other hot drinks catering","hot drinks"
5017726157685,"COCA COLA GLASS BOTTLES ","soft drinks","fizzy drinks ","fizzy drinks","soft drinks"
5017726180034,"COCA COLA CANS","soft drinks","fizzy drinks ","fizzy drinks","soft drinks"
5017726109431,"COCA COLA 500ML BOTTLES","soft drinks","fizzy drinks ","fizzy drinks","soft drinks"
5017726182977,"COCA COLA 1.5L BOTTLES","soft drinks","fizzy drinks ","fizzy drinks","soft drinks"
5017726192488,"COCA COLA POSTMIX ","soft drinks","fizzy drinks ","fizzy drinks","soft drinks"
5017726157708,"DIET COKE GLASS BOTTLES ","soft drinks","fizzy drinks ","fizzy drinks","soft drinks"
5017726180621,"DIET COKE CANS ","soft drinks","fizzy drinks ","fizzy drinks","soft drinks"
5017726109448,"DIET COKE 500ML BOTTLES","soft drinks","fizzy drinks ","fizzy drinks","soft drinks"
5017726180539,"DIET COKE 1.5L BOTTLES","soft drinks","fizzy drinks ","fizzy drinks","soft drinks"
5017726192501,"DIET COKE POSTMIX ","soft drinks","fizzy drinks ","fizzy drinks","soft drinks"
5017726170714,"COCA COLA ZERO GLASS BOTTLES ","soft drinks","fizzy drinks ","fizzy drinks","soft drinks"
5017726175665,"COCA COLA ZERO CANS ","soft drinks","fizzy drinks ","fizzy drinks","soft drinks"
5017726406806,"COCA COLA ZERO 500ML BOTTLES","soft drinks","fizzy drinks ","fizzy drinks","soft drinks"
5017726192549,"COCA COLA ZERO POSTMIX ","soft drinks","fizzy drinks ","fizzy drinks","soft drinks"
5017726180041,"COCA COLA CHERRY CANS","soft drinks","fizzy drinks ","fizzy drinks","soft drinks"
50177261094,"COCA COLA CHERRY 500ML BOTTLES","soft drinks","fizzy drinks ","fizzy drinks","soft drinks"
4060800304261,"7 UP CANS","soft drinks","fizzy drinks ","fizzy drinks","soft drinks"
4060800128478,"7 UP 500ML BOTTLES","soft drinks","fizzy drinks ","fizzy drinks","soft drinks"
4060800133595,"7 UP 1.5L BOTTLES","soft drinks","fizzy drinks ","fizzy drinks","soft drinks"
4060800108791,"7 UP DIET CANS","soft drinks","fizzy drinks ","fizzy drinks","soft drinks"
4060800133618,"7 UP DIET 1.5L BOTTLES","soft drinks","fizzy drinks ","fizzy drinks","soft drinks"
5017726137526,"FANTA ORANGE GLASS BOTTLES","soft drinks","fizzy drinks ","fizzy drinks","soft drinks"
5017726180416,"FANTA ORANGE CANS ","soft drinks","fizzy drinks ","fizzy drinks","soft drinks"
5017726136376,"FANTA ORANGE 500ML BOTTLES","soft drinks","fizzy drinks ","fizzy drinks","soft drinks"
5017726178727,"FANTA ORANGE 1.5L BOTTLES","soft drinks","fizzy drinks ","fizzy drinks","soft drinks"
5017726192518,"FANTA ORANGE POSTMIX","soft drinks","fizzy drinks ","fizzy drinks","soft drinks"
5017726170202,"FANTA ORANGE ZERO CANS ","soft drinks","fizzy drinks ","fizzy drinks","soft drinks"
5017726170196,"FANTA ORANGE ZERO 500ML BOTTLES","soft drinks","fizzy drinks ","fizzy drinks","soft drinks"
5017726155605,"FANTA FRUIT TWIST CANS","soft drinks","fizzy drinks ","fizzy drinks","soft drinks"
5017726135874,"FANTA FRUIT TWIST 500ML BOTTLES","soft drinks","fizzy drinks ","fizzy drinks","soft drinks"
5017726153281,"FANTA LEMON CANS ","soft drinks","fizzy drinks ","fizzy drinks","soft drinks"
5017726136550,"FANTA LEMON 500ML BOTTLES","soft drinks","fizzy drinks ","fizzy drinks","soft drinks"
5449000067722,"DR PEPPER CANS","soft drinks","fizzy drinks ","fizzy drinks","soft drinks"
5410221456602,"DR PEPPER 500ML BOTTLES","soft drinks","fizzy drinks ","fizzy drinks","soft drinks"
5017726169312,"DR PEPPER ZERO CANS ","soft drinks","fizzy drinks ","fizzy drinks","soft drinks"
5017726170158,"DR PEPPER ZERO 500ML BOTTLES","soft drinks","fizzy drinks ","fizzy drinks","soft drinks"
5449000250094,"DR PEPPER ZERO POSTMIX","soft drinks","fizzy drinks ","fizzy drinks","soft drinks"
4060800001450,"PEPSI CAN ","soft drinks","fizzy drinks ","fizzy drinks","soft drinks"
4060800128430,"PEPSI 500ML BOTTLES","soft drinks","fizzy drinks ","fizzy drinks","soft drinks"
4060800100726,"PEPSI 1.5L BOTTLES","soft drinks","fizzy drinks ","fizzy drinks","soft drinks"
4060800169754,"PEPSI POSTMIX","soft drinks","fizzy drinks ","fizzy drinks","soft drinks"
4060800002044,"PEPSI DIET CANS ","soft drinks","fizzy drinks ","fizzy drinks","soft drinks"
4060800128447,"PEPSI DIET 500ML BOTTLES","soft drinks","fizzy drinks ","fizzy drinks","soft drinks"
4060800008862,"PEPSI DIET 1.5L BOTTLES","soft drinks","fizzy drinks ","fizzy drinks","soft drinks"
4060800169778,"PEPSI DIET POSTMIX ","soft drinks","fizzy drinks ","fizzy drinks","soft drinks"
4060800103338,"PEPSI MAX CANS ","soft drinks","fizzy drinks ","fizzy drinks","soft drinks"
4060800134981,"PEPSI MAX 500ML BOTTLES","soft drinks","fizzy drinks ",dilutables,"soft drinks"
4060800103390,"PEPSI MAX 1.5L BOTTLES","soft drinks","fizzy drinks ","fizzy drinks","soft drinks"
4060800169785,"PEPSI MAX POSTMIX ","soft drinks","fizzy drinks ","fizzy drinks","soft drinks"
5010102120617,"R WHITES LEMONADE CANS","soft drinks","fizzy drinks ","fizzy drinks","soft drinks"
5010102120686,"R WHITES LEMONADE 1.5L BOTTLES","soft drinks","fizzy drinks ","fizzy drinks","soft drinks"
5010102220843,"R WHITES LEMONADE POSTMIX","soft drinks","fizzy drinks ","fruit juice, smoothies & milk drinks","soft drinks"
5010102120303,"TANGO ORANGE CANS ","soft drinks","fizzy drinks ","fizzy drinks","soft drinks"
5010102135802,"TANGO ORANGE 500ML BOTTLES","soft drinks","fizzy drinks ","fizzy drinks","soft drinks"
5010102120228,"TANGO ORANGE 1.5L BOTTLES","soft drinks","fizzy drinks ","fizzy drinks","soft drinks"
5010102220829,"TANGO ORANGE POSTMIX ","soft drinks","fizzy drinks ","fizzy drinks","soft drinks"
5010102140974,"TANGO ORANGE SUGER FREE CANS ","soft drinks","fizzy drinks ","fizzy drinks","soft drinks"
5010102120198,"TANGO APPLE CANS","soft drinks","fizzy drinks ","fizzy drinks","soft drinks"
5017726132774,"SPRITE CANS","soft drinks","fizzy drinks ","fizzy drinks","soft drinks"
5449000019844,"SPRITE 500ML BOTTLES","soft drinks","fizzy drinks ","fizzy drinks","soft drinks"
5017726400071,"SPRITE ZERO GLASS BOTTLES","soft drinks","fizzy drinks ","fizzy drinks","soft drinks"
5017726170226,"SPRITE ZERO CANS","soft drinks","fizzy drinks ","fizzy drinks","soft drinks"
5017726192525,"SPRITE ZERO POSTMIX","soft drinks","fizzy drinks ","fizzy drinks","soft drinks"
5000382000532,"IRN BRU CANS","soft drinks","fizzy drinks ","fizzy drinks","soft drinks"
5000382000495,"IRN BRU SUGER FREE CANS","soft drinks","fizzy drinks ","fizzy drinks","soft drinks"
9002490100094,"RED BULL","soft drinks","energy drinks ","sports, energy & health","soft drinks"
5060166690687,"MONSTER ORIGINAL ","soft drinks","energy drinks ","sports, energy & health","soft drinks"
5060335635488,"MONSTER ULTRA PARADISE ","soft drinks","energy drinks ","sports, energy & health","soft drinks"
5060517885144,"MONSTER MANGO LOCO","soft drinks","energy drinks ","sports, energy & health","soft drinks"
5060517882983,"MONSTER PIPELINE PUNCH ","soft drinks","energy drinks ","sports, energy & health","soft drinks"
5000232873972,"PRINCES ORANGE JUICE","soft drinks","fruit juices","fruit juice, smoothies & milk drinks","soft drinks"
5000232018649,"PRINCES APPLE JUICE ","soft drinks","fruit juices","fruit juice, smoothies & milk drinks","soft drinks"
5000332503038,"PRINCES PINEAPPLE JUICE ","soft drinks","fruit juices","fruit juice, smoothies & milk drinks","soft drinks"
700461428534,"SUPER SLUSH GREEN APPLE ","soft drinks","kids drinks","fruit juice, smoothies & milk drinks","soft drinks"
5060299911406,"SUPER SLUSH PINK BUBBLEGUM","soft drinks","kids drinks","fruit juice, smoothies & milk drinks","soft drinks"
5010102134218,"FRUIT SHOOT A&B","soft drinks","kids drinks","fruit juice, smoothies & milk drinks","soft drinks"
5010102148178,"FRUIT SHOOT ORANGE ","soft drinks","kids drinks","fruit juice, smoothies & milk drinks","soft drinks"
5017726171896,"CANADA DRY GINGER ALE MIXER","soft drinks",mixers,"retail mixers","soft drinks"
50413973,"BRITVIC TONIC WATER","soft drinks",mixers,"retail mixers","soft drinks"
5017726157579,"TONIC MIXER SCHWEPPES","soft drinks",mixers,"retail mixers","soft drinks"
5017726157586,"TONIC SLIMLINE MIXER SCHWEPPS","soft drinks",mixers,"retail mixers","soft drinks"
5010102140349,"TONIC WATER SLIMLINE BRITVIC","soft drinks",mixers,"retail mixers","soft drinks"
8680014080247,"FUSKA WATER ","soft drinks",water,water,"soft drinks"
86800140802302,"FUSKA WATER ","soft drinks",water,water,"soft drinks"
8680014080230,"FUSKA WATER ","soft drinks",water,water,"soft drinks"
